{"cameraMode":{"drawMode":0,"name":"Shaded","section":"Shading Mode"},"sceneLighting":true,"audioPlay":false,"sceneViewState":{"m_AlwaysRefresh":false,"showFog":true,"showSkybox":true,"showFlares":true,"showImageEffects":true,"showParticleSystems":true,"showVisualEffectGraphs":true,"m_FxEnabled":true},"in2DMode":false,"pivot":{"x":-20.86008071899414,"y":6.064447402954102,"z":8.44952392578125},"rotation":{"x":0.05513455718755722,"y":0.03235667198896408,"z":0.0017609299393370748,"w":-0.9979705214500427},"size":9.079249382019043,"orthographic":false}